{"cameraMode":{"drawMode":0,"name":"Shaded","section":"Shading Mode"},"sceneLighting":true,"audioPlay":false,"sceneViewState":{"m_AlwaysRefresh":false,"showFog":true,"showSkybox":true,"showFlares":true,"showImageEffects":true,"showParticleSystems":true,"showVisualEffectGraphs":true,"m_FxEnabled":true},"in2DMode":false,"pivot":{"x":0.02602064609527588,"y":1.7720774412155152,"z":-0.01717996597290039},"rotation":{"x":0.16473424434661866,"y":0.3475973308086395,"z":-0.062175337225198749,"w":0.9209619760513306},"size":4.938546657562256,"orthographic":false}